-- 基础数据配置

-- 角色信息数据
INSERT INTO ROLEINFO (ROLECODE, ROLENAME, VALIDFLAG) VALUES (0, '管理员', '1');
INSERT INTO ROLEINFO (ROLECODE, ROLENAME, VALIDFLAG) VALUES (1, '未授权用户', '1');
INSERT INTO ROLEINFO (ROLECODE, ROLENAME, VALIDFLAG) VALUES (2, '已授权用户', '1');
INSERT INTO ROLEINFO (ROLECODE, ROLENAME, VALIDFLAG) VALUES (8, '黑名单用户', '1');
INSERT INTO ROLEINFO (ROLECODE, ROLENAME, VALIDFLAG) VALUES (9, '游客', '1');

-- 菜单数据
INSERT INTO SYSMENU (ROLE, MENUID, MENUNAME, TARGETURL, MENUICON, VALIDFLAG) VALUES ('0', 1, '登录', 'login', 'account_circle', '1');
INSERT INTO SYSMENU (ROLE, MENUID, MENUNAME, TARGETURL, MENUICON, VALIDFLAG) VALUES ('0', 2, '密钥管理', 'generateKey', 'lock', '1');
INSERT INTO SYSMENU (ROLE, MENUID, MENUNAME, TARGETURL, MENUICON, VALIDFLAG) VALUES ('0', 3, '使用说明', 'welcome', 'info', '1');
INSERT INTO SYSMENU (ROLE, MENUID, MENUNAME, TARGETURL, MENUICON, VALIDFLAG) VALUES ('0', 4, '数据维护', 'sqlConsole', 'insert_chart', '1');
INSERT INTO SYSMENU (ROLE, MENUID, MENUNAME, TARGETURL, MENUICON, VALIDFLAG) VALUES ('1', 1, '登录', 'login', 'account_circle', '1');
INSERT INTO SYSMENU (ROLE, MENUID, MENUNAME, TARGETURL, MENUICON, VALIDFLAG) VALUES ('1', 2, '批量新增日志', 'entry', 'event_note', '1');
INSERT INTO SYSMENU (ROLE, MENUID, MENUNAME, TARGETURL, MENUICON, VALIDFLAG) VALUES ('1', 3, '日志查询', 'showLog', 'find_in_page', '1');
INSERT INTO SYSMENU (ROLE, MENUID, MENUNAME, TARGETURL, MENUICON, VALIDFLAG) VALUES ('1', 4, '问题反馈', 'feedback', 'feedback', '1');
INSERT INTO SYSMENU (ROLE, MENUID, MENUNAME, TARGETURL, MENUICON, VALIDFLAG) VALUES ('1', 5, '使用说明', 'welcome', 'info', '1');
INSERT INTO SYSMENU (ROLE, MENUID, MENUNAME, TARGETURL, MENUICON, VALIDFLAG) VALUES ('2', 1, '登录', 'login', 'account_circle', '1');
INSERT INTO SYSMENU (ROLE, MENUID, MENUNAME, TARGETURL, MENUICON, VALIDFLAG) VALUES ('2', 2, '批量新增日志', 'entry', 'event_note', '1');
INSERT INTO SYSMENU (ROLE, MENUID, MENUNAME, TARGETURL, MENUICON, VALIDFLAG) VALUES ('2', 3, '日志查询', 'showLog', 'find_in_page', '1');
INSERT INTO SYSMENU (ROLE, MENUID, MENUNAME, TARGETURL, MENUICON, VALIDFLAG) VALUES ('2', 4, '问题反馈', 'feedback', 'feedback', '1');
INSERT INTO SYSMENU (ROLE, MENUID, MENUNAME, TARGETURL, MENUICON, VALIDFLAG) VALUES ('2', 5, '使用说明', 'welcome', 'info', '1');
INSERT INTO SYSMENU (ROLE, MENUID, MENUNAME, TARGETURL, MENUICON, VALIDFLAG) VALUES ('2', 6, '密钥管理', 'generateKey', 'lock', '1');

-- 2019年假期数据
INSERT INTO HOLIDAYMAIN (HOLIDAYID, HOLIDAYYEAR, HOLIDAYNAME, HOLIDAYSTRATEGY, HOLIDAYDAYS) VALUES (20190101, 2019, '元旦', '12月29日（周六）上班', 3);
INSERT INTO HOLIDAYMAIN (HOLIDAYID, HOLIDAYYEAR, HOLIDAYNAME, HOLIDAYSTRATEGY, HOLIDAYDAYS) VALUES (20190201, 2019, '春节', '2月2日（周六）、2月3日（周日）上班', 7);
INSERT INTO HOLIDAYMAIN (HOLIDAYID, HOLIDAYYEAR, HOLIDAYNAME, HOLIDAYSTRATEGY, HOLIDAYDAYS) VALUES (20190401, 2019, '清明节', '与周末连休', 3);
INSERT INTO HOLIDAYMAIN (HOLIDAYID, HOLIDAYYEAR, HOLIDAYNAME, HOLIDAYSTRATEGY, HOLIDAYDAYS) VALUES (20190501, 2019, '劳动节', '5月5日（周六）上班', 4);
INSERT INTO HOLIDAYMAIN (HOLIDAYID, HOLIDAYYEAR, HOLIDAYNAME, HOLIDAYSTRATEGY, HOLIDAYDAYS) VALUES (20190601, 2019, '端午节', '与周末连休', 3);
INSERT INTO HOLIDAYMAIN (HOLIDAYID, HOLIDAYYEAR, HOLIDAYNAME, HOLIDAYSTRATEGY, HOLIDAYDAYS) VALUES (20190901, 2019, '中秋节', '与周末连休', 3);
INSERT INTO HOLIDAYMAIN (HOLIDAYID, HOLIDAYYEAR, HOLIDAYNAME, HOLIDAYSTRATEGY, HOLIDAYDAYS) VALUES (20191001, 2019, '国庆节', '9月29日（周日）、10月12日（周六）上班', 7);

-- 2019年假期安排数据
INSERT INTO HOLIDAYPLAN (HOLIDAYID, HOLIDAYDATE) VALUES (20190101, date('2018-12-30'));
INSERT INTO HOLIDAYPLAN (HOLIDAYID, HOLIDAYDATE) VALUES (20190101, date('2018-12-31'));
INSERT INTO HOLIDAYPLAN (HOLIDAYID, HOLIDAYDATE) VALUES (20190101, date('2019-01-01'));
INSERT INTO HOLIDAYPLAN (HOLIDAYID, HOLIDAYDATE) VALUES (20190201, date('2019-02-04'));
INSERT INTO HOLIDAYPLAN (HOLIDAYID, HOLIDAYDATE) VALUES (20190201, date('2019-02-05'));
INSERT INTO HOLIDAYPLAN (HOLIDAYID, HOLIDAYDATE) VALUES (20190201, date('2019-02-06'));
INSERT INTO HOLIDAYPLAN (HOLIDAYID, HOLIDAYDATE) VALUES (20190201, date('2019-02-07'));
INSERT INTO HOLIDAYPLAN (HOLIDAYID, HOLIDAYDATE) VALUES (20190201, date('2019-02-08'));
INSERT INTO HOLIDAYPLAN (HOLIDAYID, HOLIDAYDATE) VALUES (20190201, date('2019-02-09'));
INSERT INTO HOLIDAYPLAN (HOLIDAYID, HOLIDAYDATE) VALUES (20190201, date('2019-02-10'));
INSERT INTO HOLIDAYPLAN (HOLIDAYID, HOLIDAYDATE) VALUES (20190401, date('2019-04-05'));
INSERT INTO HOLIDAYPLAN (HOLIDAYID, HOLIDAYDATE) VALUES (20190401, date('2019-04-06'));
INSERT INTO HOLIDAYPLAN (HOLIDAYID, HOLIDAYDATE) VALUES (20190401, date('2019-04-07'));
INSERT INTO HOLIDAYPLAN (HOLIDAYID, HOLIDAYDATE) VALUES (20190501, date('2019-05-01'));
INSERT INTO HOLIDAYPLAN (HOLIDAYID, HOLIDAYDATE) VALUES (20190501, date('2019-05-02'));
INSERT INTO HOLIDAYPLAN (HOLIDAYID, HOLIDAYDATE) VALUES (20190501, date('2019-05-03'));
INSERT INTO HOLIDAYPLAN (HOLIDAYID, HOLIDAYDATE) VALUES (20190501, date('2019-05-04'));
INSERT INTO HOLIDAYPLAN (HOLIDAYID, HOLIDAYDATE) VALUES (20190601, date('2019-06-07'));
INSERT INTO HOLIDAYPLAN (HOLIDAYID, HOLIDAYDATE) VALUES (20190601, date('2019-06-08'));
INSERT INTO HOLIDAYPLAN (HOLIDAYID, HOLIDAYDATE) VALUES (20190601, date('2019-06-09'));
INSERT INTO HOLIDAYPLAN (HOLIDAYID, HOLIDAYDATE) VALUES (20190901, date('2019-09-13'));
INSERT INTO HOLIDAYPLAN (HOLIDAYID, HOLIDAYDATE) VALUES (20190901, date('2019-09-14'));
INSERT INTO HOLIDAYPLAN (HOLIDAYID, HOLIDAYDATE) VALUES (20190901, date('2019-09-15'));
INSERT INTO HOLIDAYPLAN (HOLIDAYID, HOLIDAYDATE) VALUES (20191001, date('2019-10-01'));
INSERT INTO HOLIDAYPLAN (HOLIDAYID, HOLIDAYDATE) VALUES (20191001, date('2019-10-02'));
INSERT INTO HOLIDAYPLAN (HOLIDAYID, HOLIDAYDATE) VALUES (20191001, date('2019-10-03'));
INSERT INTO HOLIDAYPLAN (HOLIDAYID, HOLIDAYDATE) VALUES (20191001, date('2019-10-04'));
INSERT INTO HOLIDAYPLAN (HOLIDAYID, HOLIDAYDATE) VALUES (20191001, date('2019-10-05'));
INSERT INTO HOLIDAYPLAN (HOLIDAYID, HOLIDAYDATE) VALUES (20191001, date('2019-10-06'));
INSERT INTO HOLIDAYPLAN (HOLIDAYID, HOLIDAYDATE) VALUES (20191001, date('2019-10-07'));

-- 系统管理员账户
INSERT INTO USERINFO (ID, USERNAME, PASSWORD, VALIDFLAG, ROLE, LOGIN, LASTLOGIN) VALUES ('admin', '系统管理员', 'administrator', '1', '0', 1, '2019-01-01 00:00:00');